{
    "task_index": {
        "min": [
            0
        ],
        "max": [
            0
        ],
        "mean": [
            0.0
        ],
        "std": [
            0.0
        ],
        "count": [
            28369
        ],
        "q01": [
            3.9999999999994186e-16
        ],
        "q10": [
            3.999999999999417e-15
        ],
        "q50": [
            1.9999999999997088e-14
        ],
        "q90": [
            3.599999999999477e-14
        ],
        "q99": [
            3.9599999999994235e-14
        ]
    },
    "index": {
        "min": [
            0
        ],
        "max": [
            25575
        ],
        "mean": [
            13092.315590961964
        ],
        "std": [
            7570.906748069398
        ],
        "count": [
            28369
        ],
        "q01": [
            12849.20926389275
        ],
        "q10": [
            12893.7800636384
        ],
        "q50": [
            13092.105745426345
        ],
        "q90": [
            13290.753072954365
        ],
        "q99": [
            13335.421918031181
        ]
    },
    "observation.images.image_obs": {
        "min": [
            [
                [
                    0.0
                ]
            ],
            [
                [
                    0.011764705882352941
                ]
            ],
            [
                [
                    0.0
                ]
            ]
        ],
        "max": [
            [
                [
                    1.0
                ]
            ],
            [
                [
                    1.0
                ]
            ],
            [
                [
                    1.0
                ]
            ]
        ],
        "mean": [
            [
                [
                    0.4644865338553346
                ]
            ],
            [
                [
                    0.46497689989267005
                ]
            ],
            [
                [
                    0.46166179226476173
                ]
            ]
        ],
        "std": [
            [
                [
                    0.008438153398164751
                ]
            ],
            [
                [
                    0.010997204817612887
                ]
            ],
            [
                [
                    0.016047498470153212
                ]
            ]
        ],
        "count": [
            7273
        ],
        "q01": [
            [
                [
                    0.058952791135550436
                ]
            ],
            [
                [
                    0.07392775047202685
                ]
            ],
            [
                [
                    0.06838340000888941
                ]
            ]
        ],
        "q10": [
            [
                [
                    0.12383387435838215
                ]
            ],
            [
                [
                    0.1388855038929891
                ]
            ],
            [
                [
                    0.14506178710668446
                ]
            ]
        ],
        "q50": [
            [
                [
                    0.5063090242456181
                ]
            ],
            [
                [
                    0.498785091123757
                ]
            ],
            [
                [
                    0.4912707878575425
                ]
            ]
        ],
        "q90": [
            [
                [
                    0.6686298328373205
                ]
            ],
            [
                [
                    0.6616214752005402
                ]
            ],
            [
                [
                    0.671153103992511
                ]
            ]
        ],
        "q99": [
            [
                [
                    0.7498997948225097
                ]
            ],
            [
                [
                    0.7510004752588829
                ]
            ],
            [
                [
                    0.7729343828053364
                ]
            ]
        ]
    },
    "frame_index": {
        "min": [
            0
        ],
        "max": [
            1195
        ],
        "mean": [
            247.54411505516586
        ],
        "std": [
            200.9947238717657
        ],
        "count": [
            28369
        ],
        "q01": [
            4.437787985942865
        ],
        "q10": [
            49.0085877315987
        ],
        "q50": [
            247.31207296697087
        ],
        "q90": [
            445.98159704756165
        ],
        "q99": [
            490.6504421243888
        ]
    },
    "timestamp": {
        "min": [
            0.0
        ],
        "max": [
            39.833333333333336
        ],
        "mean": [
            8.251470501838863
        ],
        "std": [
            6.69982412905886
        ],
        "count": [
            28369
        ],
        "q01": [
            0.1479262661031336
        ],
        "q10": [
            1.6336195909757225
        ],
        "q50": [
            8.244447109638358
        ],
        "q90": [
            14.866053234996235
        ],
        "q99": [
            16.35501473757459
        ]
    },
    "episode_index": {
        "min": [
            0
        ],
        "max": [
            63
        ],
        "mean": [
            34.03546124290599
        ],
        "std": [
            17.249533842385592
        ],
        "count": [
            28369
        ],
        "q01": [
            34.03546124290599
        ],
        "q10": [
            34.03546124290599
        ],
        "q50": [
            34.03546124290599
        ],
        "q90": [
            34.035461242906
        ],
        "q99": [
            34.03546124290601
        ]
    },
    "action": {
        "min": [
            -0.2513338625431061,
            -0.04097111150622368,
            -0.12317011505365372,
            0.3520463705062866,
            -0.906467616558075,
            -0.8473911285400391,
            -0.24337300658226013,
            0.12799715995788574,
            -0.923685610294342,
            1.4484314918518066
        ],
        "max": [
            0.20755937695503235,
            0.4599059820175171,
            0.11946964263916016,
            1.0,
            0.23173843324184418,
            0.6632161736488342,
            0.9252714514732361,
            1.0,
            0.2589300572872162,
            1.5696455240249634
        ],
        "mean": [
            -0.00037524565533628954,
            0.005453654063430768,
            0.04225047205833601,
            0.9787038074213246,
            -0.01393583773637814,
            0.011815784007838821,
            0.0027841216640158337,
            0.9774444443337686,
            0.005546187035364889,
            1.5210438427790138
        ],
        "std": [
            0.034562107814822794,
            0.037558343090091866,
            0.03772794382222661,
            0.0834117930290934,
            0.1483104871918264,
            0.11336463057852215,
            0.1211643050971894,
            0.09825691441276721,
            0.14222754318999722,
            0.03591304440061737
        ],
        "count": [
            28369
        ],
        "q01": [
            -0.023173895993377342,
            -0.012271311673934167,
            -0.00962426095615998,
            0.9523767574208363,
            -0.10250248139596477,
            -0.06830059645722905,
            -0.07093301902550349,
            0.9403318750110682,
            -0.08351190680869441,
            1.5186750566519256
        ],