{
    "timestamp": {
        "min": [
            0.0
        ],
        "max": [
            39.833333333333336
        ],
        "mean": [
            7.457092053768931
        ],
        "std": [
            6.132501130508043
        ],
        "count": [
            39180
        ],
        "q01": [
            0.1316341704649405
        ],
        "q10": [
            1.4753461792629492
        ],
        "q50": [
            7.450150500935747
        ],
        "q90": [
            13.435138472770335
        ],
        "q99": [
            14.782549937072913
        ]
    },
    "observation.images.image_obs": {
        "min": [
            [
                [
                    0.0
                ]
            ],
            [
                [
                    0.011764705882352941
                ]
            ],
            [
                [
                    0.0
                ]
            ]
        ],
        "max": [
            [
                [
                    1.0
                ]
            ],
            [
                [
                    1.0
                ]
            ],
            [
                [
                    1.0
                ]
            ]
        ],
        "mean": [
            [
                [
                    0.46417145037938556
                ]
            ],
            [
                [
                    0.46511836087947306
                ]
            ],
            [
                [
                    0.4623493059124032
                ]
            ]
        ],
        "std": [
            [
                [
                    0.009181330591306987
                ]
            ],
            [
                [
                    0.010663481616254342
                ]
            ],
            [
                [
                    0.015632439739714565
                ]
            ]
        ],
        "count": [
            10875
        ],
        "q01": [
            [
                [
                    0.05743209941481379
                ]
            ],
            [
                [
                    0.07257000521092437
                ]
            ],
            [
                [
                    0.06845745236102896
                ]
            ]
        ],
        "q10": [
            [
                [
                    0.11833044307513745
                ]
            ],
            [
                [
                    0.13488561055630535
                ]
            ],
            [
                [
                    0.14211366958744126
                ]
            ]
        ],
        "q50": [
            [
                [
                    0.513558589543477
                ]
            ],
            [
                [
                    0.5054273586864475
                ]
            ],
            [
                [
                    0.49758524362121737
                ]
            ]
        ],
        "q90": [
            [
                [
                    0.6680637639188404
                ]
            ],
            [
                [
                    0.661064839689547
                ]
            ],
            [
                [
                    0.6679761308477085
                ]
            ]
        ],
        "q99": [
            [
                [
                    0.7434889077820336
                ]
            ],
            [
                [
                    0.7425663997974792
                ]
            ],
            [
                [
                    0.761240402002265
                ]
            ]
        ]
    },
    "task_index": {
        "min": [
            0
        ],
        "max": [
            0
        ],
        "mean": [
            0.0
        ],
        "std": [
            0.0
        ],
        "count": [
            39180
        ],
        "q01": [
            3.9999999999994186e-16
        ],
        "q10": [
            3.999999999999419e-15
        ],
        "q50": [
            1.9999999999997097e-14
        ],
        "q90": [
            3.599999999999478e-14
        ],
        "q99": [
            3.959999999999426e-14
        ]
    },
    "frame_index": {
        "min": [
            0
        ],
        "max": [
            1195
        ],
        "mean": [
            223.7127616130679
        ],
        "std": [
            183.97503391524117
        ],
        "count": [
            39180
        ],
        "q01": [
            3.949025116798105
        ],
        "q10": [
            44.2603853802158
        ],
        "q50": [
            223.4900188769779
        ],
        "q90": [
            403.0541541807847
        ],
        "q99": [
            443.47649810933774
        ]
    },
    "action": {
        "min": [
            -0.2513338625431061,
            -0.04097111150622368,
            -0.12317011505365372,
            0.3520463705062866,
            -0.906467616558075,
            -0.8473911285400391,
            -0.24838735163211823,
            0.12799715995788574,
            -0.923685610294342,
            1.4484314918518066
        ],
        "max": [
            0.20755937695503235,
            0.4599059820175171,
            0.13296960294246674,
            1.0,
            0.23976832628250122,
            0.6632161736488342,
            0.9252714514732361,
            1.0,
            0.2589300572872162,
            1.5773173570632935
        ],
        "mean": [
            -0.0005929356989048044,
            0.0038054634649686697,
            0.04290284397572112,
            0.9835287605015339,
            -0.010942048314925727,
            0.003044310893055009,
            0.0027449234846799336,
            0.982835489140292,
            0.004792118662292424,
            1.5274891422712542
        ],
        "std": [
            0.029932853626644555,
            0.03225710843948104,
            0.03701737990014232,
            0.07152293864788627,
            0.1312794357242173,
            0.10095745183403135,
            0.10911869664518621,
            0.08415197086452612,
            0.12253774246240018,
            0.03648085482474124
        ],
        "count": [
            39180
        ],
        "q01": [
            -0.020770366293681355,
            -0.01112880101049293,
            -0.007810914078915376,
            0.9622690076598629,
            -0.09237138506116632,
            -0.07059893325927151,
            -0.06665217358053493,
            0.9542913830770611,
            -0.07107690603082552,
            1.5257283925302354
        ],
        "q10": [
            -0.016296882666242983,
            -0.007971435001275973,
            -0.0020399814913669235,
            0.9724846695123084,
            -0.07010910936241604,
            -0.05239408306107071,
            -0.05230314075180325,
            0.9640217731089331,
            -0.0544181122321834,
            1.5265463252553388
        ],
        "q50": [
            -0.0003126716508222334,
            0.0026326374967529788,
            0.04544600420679912,
            0.9847936841087207,
            -0.008044029498518065,
            0.004974918861470375,
            -0.0009443506312144746,
            0.9866939272105217,
            0.0060676221752268035,
            1.5278546587607802
        ],
        "q90": [
            0.012280906908654275,
            0.02193144719535256,
            0.08774652683802543,
            0.9920420775286806,
            0.04326356689164535,
            0.05637905317928421,
            0.06939506432172084,
            0.9987335356783478,
            0.060929717961007074,
            1.52824939279292
        ],